{"loss/admm":2.67151676780486e-07,"_timestamp":1.7587167697706828e+09,"admm_iter":0,"hyperparams/lambda":0.001,"metrics/psnr":20.72329330444336,"hyperparams/lambda_alpha":0.1,"global_step":90,"loss/data":0.0007897453033365309,"_wandb":{"runtime":149},"_step":90,"loss/total":0.026653308421373367,"_runtime":149.843735709,"inner_iter":90,"metrics/mse":0.00846585351973772,"hyperparams/rho":0.1,"loss/alpha_fidelity":0.025863295421004295}